Channel,VideoTitle,VideoUrl,xmlUrl
Rilès,"ALL LOVE - Day 6 - Oct 10, 2026",https://www.youtube.com/watch?v=_40IBGde754,https://www.youtube.com/feeds/videos.xml?channel_id=UC-NwsBEyZqZnPc9OaCFJSsw
Lanterne Rouge Cycling Podcast,Can Anyone Surprise Without Pogacar? Il Lombardia 2026 | Lanterne Rouge x JOIN Cycling,https://www.youtube.com/watch?v=_mBbNMXYDbY,https://www.youtube.com/feeds/videos.xml?channel_id=UC1sTqWskIXqSItyojGhXPyQ
TheSwissBox Conversation,JACQUES BAUD | LES FRONTS D'UNE GUERRE MONDIALE ?,https://www.youtube.com/watch?v=R3P6LNPypY4,https://www.youtube.com/feeds/videos.xml?channel_id=UC2GbQ8YKqFn843Ve8T7zT6Q
Classic Tetris,2026 JONAS CUP DAY 2 | QUALIFYING & ROUND 0 & 1 | !MATCHERINO !BRACKET !SU2C,https://www.youtube.com/watch?v=J5LGl9qiC60,https://www.youtube.com/feeds/videos.xml?channel_id=UC-8BAEcWSEs4-KQp1ULVnaQ
Team TotalEnergies,Tout pour le sprint - En immersion avec le Team TotalEnergies sur le Tour de Kyushu,https://www.youtube.com/watch?v=kVrD1Qp5B3A,https://www.youtube.com/feeds/videos.xml?channel_id=UC2fDRrhZe0cg_ugurpiRjgQ
GCN Tech,We Weighed Bikes At The Craziest Hill Climb We've Done,https://www.youtube.com/watch?v=0eOinwlPcOc,https://www.youtube.com/feeds/videos.xml?channel_id=UC710HJmp-YgNbE5BnFBRoeg
TED,The Three Words That Saved My Life | Blake Mycoskie | TED,https://www.youtube.com/watch?v=tBfHI8sNWVU,https://www.youtube.com/feeds/videos.xml?channel_id=UCAuUUnT6oDeKwE6v1NGQxug
PotatoMcWhiskey,Time to claim some NEW LAND in Endless Legend 2 - Kin of Sheredyn,https://www.youtube.com/watch?v=Dxl3ss1EvPA,https://www.youtube.com/feeds/videos.xml?channel_id=UCAF_yy-Y4yl4VMiQ7RV3STw
Cycling Pro Net,Jordan Labrosse - Interview à l'arrivée - Il Lombardia 2026,https://www.youtube.com/watch?v=rbR3zMZK1h0,https://www.youtube.com/feeds/videos.xml?channel_id=UCAKkRVGHv4uHTM5S2jSzLDQ
Cracking The Cryptic,Hiding the Whispers - A new Level of Secrecy?,https://www.youtube.com/watch?v=oNc5wsiGeec,https://www.youtube.com/feeds/videos.xml?channel_id=UCC-UOdK8-mIjxBQm_ot1T-Q
ITV Sport,“All that nonsense talk [on Russo] from the fans can stop now” Karen Carney reacts to England's win,https://www.youtube.com/watch?v=HngvdWIjzpE,https://www.youtube.com/feeds/videos.xml?channel_id=UCBzDz6beXDfMtfxQdEutD_w
SciFri,The science and politics of the new mRNA flu vaccine,https://www.youtube.com/watch?v=k2kPhIF4c44,https://www.youtube.com/feeds/videos.xml?channel_id=UCDjGU4DP3b-eGxrsipCvoVQ
Le Dessous des Cartes - ARTE,Médicaments : un marché mondial | Le Dessous des cartes - ARTE,https://www.youtube.com/watch?v=2BRi__uvROQ,https://www.youtube.com/feeds/videos.xml?channel_id=UCHGMBrXUzClgjEzBMei-Jdw
The Dodo,Rescuer Follows Her Gut Across Town To Find Goose In Trouble | The Dodo,https://www.youtube.com/watch?v=HkRUXdmg2mE,https://www.youtube.com/feeds/videos.xml?channel_id=UCINb0wqPz-A0dV9nARjJlOQ
Riding Zone,GROSSE CHUTE DE NICOLAS SERVY ! ALAIN ROBERT EN PLEINE POLÉMIQUE ! LES MEILLEURS SKATEURS À PARIS !,https://www.youtube.com/watch?v=0qVzz7YpJl8,https://www.youtube.com/feeds/videos.xml?channel_id=UCJlvyoYGLr3UIV0oD4-aarA
Badminton Europe,"Kjær/Kjær, a tough semifinal, but a week to be proud of | Arctic Open 2026",https://www.youtube.com/watch?v=Y323OXzOoo0,https://www.youtube.com/feeds/videos.xml?channel_id=UCKKVmSr0-nktD2CFXATNkYw
ARTEde,Die Eroberung des Westens - Putins Oligarchen (2/3) | Doku HD Reupload | ARTE,https://www.youtube.com/watch?v=-txwtV9DW7o,https://www.youtube.com/feeds/videos.xml?channel_id=UCLLibJTCy3sXjHLVaDimnpQ
agadmator's Chess Channel,Clean! || Awonder Liang vs Hans Niemann || U.S. Chess Championships 2026,https://www.youtube.com/watch?v=ZszilBeZj9U,https://www.youtube.com/feeds/videos.xml?channel_id=UCL5YbN5WLFD8dLIegT5QAbA
The Great War,1915 - The Second Year of WW1 (Full Documentary),https://www.youtube.com/watch?v=nRyb-ViHKQQ,https://www.youtube.com/feeds/videos.xml?channel_id=UCUcyEsEjhPEDf69RRVhRh4A
Olympics,Canada's First-Ever Judo Olympic Champion 🇨🇦🥇 | Judo Women's -57KG Finals | Paris 2024,https://www.youtube.com/watch?v=B_C7WGG1Quc,https://www.youtube.com/feeds/videos.xml?channel_id=UCTl3QQTvqHFjurroKxexy2Q
Wide World of Sports,Perth Wildcats vs New Zealand Breakers | Round 4: Highlights,https://www.youtube.com/watch?v=4pd4P--dJNs,https://www.youtube.com/feeds/videos.xml?channel_id=UCV5HXUHFR-yuSb7qDJ5_80g
Kaffeemacher,Lelit Elizabeth 3 haut uns aus den Schuhen – für 1650 Euro,https://www.youtube.com/watch?v=QCU6gXjapMo,https://www.youtube.com/feeds/videos.xml?channel_id=UCWftIqesWS2AQBDhpTg8CTg
Les Inconnus,30 MINUTES du MEILLEUR de Bernard Campan | Les Inconnus [HD],https://www.youtube.com/watch?v=BZr4K-vF20g,https://www.youtube.com/feeds/videos.xml?channel_id=UCXY5L6p4n3COUBqaTJY-2tQ
Extinction Rebellion (XR) UK,Climate & Nature: Are Schools Safeguarding Children? | XR Educators | Love & Rage 2026,https://www.youtube.com/watch?v=ezsuWMvaFbI,https://www.youtube.com/feeds/videos.xml?channel_id=UCYThdLKE6TDwBJh-qDC6ICA
Jelle's Marble Runs,EPIC Winter Efteling Marble Run (Knikkerbaan),https://www.youtube.com/watch?v=jXEeRomoYNw,https://www.youtube.com/feeds/videos.xml?channel_id=UCYJdpnjuSWVOLgGT9fIzL0g
Lucas Brunelle,When You Meet a Fellow Ham Radio operator in person,https://www.youtube.com/watch?v=SLxxQ1d8gDg,https://www.youtube.com/feeds/videos.xml?channel_id=UCac47R7xtH76eRZQBJbZscQ
Giro d'Italia,SUPER-TALENT PAUL SEIXAS IGNITES ON THE CIVIGLIO!! 💥😱 | Il Lombardia 2026,https://www.youtube.com/watch?v=wkAIYhFlUyE,https://www.youtube.com/feeds/videos.xml?channel_id=UCe10BxbsFg9Kbmkg-ean_Dg
Ocean Conservation Namibia,From Entangled to Free in Minutes,https://www.youtube.com/watch?v=Ku7IJ2-KTdQ,https://www.youtube.com/feeds/videos.xml?channel_id=UCg8VTeeN4BglqmI1_CBlABg
Kemar,Lucien le nécromancien ,https://www.youtube.com/watch?v=dFt02XpnhFI,https://www.youtube.com/feeds/videos.xml?channel_id=UChKMRHxLETrj_5JjiqExD1w
BWF TV,CLASH OF CLANS Arctic Open 2026 powered by YONEX | Day 5 | Court 1 | Semifinals,https://www.youtube.com/watch?v=2N0-Qxl9ocE,https://www.youtube.com/feeds/videos.xml?channel_id=UChh-akEbUM8_6ghGVnJd6cQ
GCN auf Deutsch,Mit MTB-Reifen ins Gravel-Rennen?! Es ist KOMPLETT eskaliert!,https://www.youtube.com/watch?v=UaP2_CRXGtI,https://www.youtube.com/feeds/videos.xml?channel_id=UCfbh0PFhRSgOh45127kHo8Q
FloBikes,Il Lombardia 2026 Highlights,https://www.youtube.com/watch?v=cztQG46TqNQ,https://www.youtube.com/feeds/videos.xml?channel_id=UCljVdpux_uz7NydDWYEeSIA
UCI,LIVE - Women Elite Race | 2026 UCI Gravel World Championships,https://www.youtube.com/watch?v=VoYSC4nPLe4,https://www.youtube.com/feeds/videos.xml?channel_id=UCloqTh1nPpW13LCntQglS-Q
UCLA Athletics,"Highlights - UCLA W. Volleyball vs. Maryland (Oct. 9, 2026)",https://www.youtube.com/watch?v=wvkSP5tBaRc,https://www.youtube.com/feeds/videos.xml?channel_id=UCm3-NocWw8YDQ6lfOb78ehA
52 minutes RTS,Portrait de l'invité – Nuria Gorrite,https://www.youtube.com/watch?v=wbIMZwvNrPU,https://www.youtube.com/feeds/videos.xml?channel_id=UCmzP_xaz-uyMMbac4DggR8A
permaculture agroécologie etc...,Un arbre nourricier capable d'affronter les étés secs,https://www.youtube.com/watch?v=t81xcZIJfNI,https://www.youtube.com/feeds/videos.xml?channel_id=UCsM4_jihNFYe4CtSkXvDR-Q
Global Cycling Network,Why We Drove 10 Hours For A 1-Minute Race!,https://www.youtube.com/watch?v=O8yzqk4zbsM,https://www.youtube.com/feeds/videos.xml?channel_id=UCuTaETsuCOkJ0H_GAztWt0Q
WEDŪ,Can Brandon McNulty Fill Tadej Pogačar's Shoes? | Il Lombardia Preview | THEMOVE+,https://www.youtube.com/watch?v=EJoK8JY2dNs,https://www.youtube.com/feeds/videos.xml?channel_id=UCtsqiJ1WTJkoj4c_SZkyBMg
BEST OF CULTES,Quand les politiciens perdent leur sang-froid (ils pètent les plombs…),https://www.youtube.com/watch?v=0Syk91vOBKY,https://www.youtube.com/feeds/videos.xml?channel_id=UCwVTg-nH4d9R88Bhwpkldiw
ARTE,La loi de Benford | Voyages au pays des maths | ARTE,https://www.youtube.com/watch?v=xA2DkYIiLTM,https://www.youtube.com/feeds/videos.xml?channel_id=UCwI-JbGNsojunnHbFAc0M4Q
